{"fsPathLoss" : {"channel" : 1},"logNormal" : {"P_d0" : -32,"d0" : 0.304800,"n" : 0.930139},"pathLoss" : {"P_d0" : -32,"d0" : 0.304800,"n" : -0.200000}}